"participant","date1","stimulusPresent.t","correctKey","keyRespCorrect","correctKeyPressNum","key_resp_9.rt","key_resp_9.keys","trialCorrect","repetitionNumber","anticipatoryResponse","PreTouchByDate","recallResponse","recallResponseTime","RecordAnswer.rt","RecordAnswer.keys","questionsResponses"
6,"2018-03-31",NA,"",NA,"","","",NA,NA,NA,1,"",NA,"","",""
6,"2018-03-31",NA,"",NA,"","","",NA,NA,NA,1,"",NA,"","","['1']"
6,"2018-03-31",NA,"",NA,"","","",NA,NA,NA,1,"",NA,"","","['1']"
6,"2018-03-31",NA,"",NA,"","","",NA,NA,NA,1,"",NA,"","","['1']"
6,"2018-03-31",NA,"",NA,"","","",NA,NA,NA,1,"",NA,"","","['1']"
6,"2018-03-31",NA,"",NA,"","","",NA,NA,NA,1,"",NA,"[3.9451880576089025, 3.9922317885793746, 4.411747619975358, 4.608755781315267, 4.742673839908093, 4.959499043412507, 5.0780254998244345, 5.193325286731124, 5.611967271193862, 5.724796902388334, 5.861089527141303, 6.029584844596684, 6.157641154713929, 6.628146156203002, 6.7417298392392695, 6.878278053831309, 7.111222244799137, 7.277958792168647]","recorder and piano",""
6,"2018-03-31",NA,"['3']",NA,"","","",1,1,NA,1,"['3']",25.0438884459,"","",""
6,"2018-03-31",NA,"['2']",NA,"","","",1,1,NA,1,"['2']",4.96612304915,"","",""
6,"2018-03-31",NA,"['4']",NA,"","","",1,1,NA,1,"['4']",4.44892344531,"","",""
6,"2018-03-31",NA,"['4']",NA,"","","",0,1,NA,1,"['1']",4.24901887123,"","",""
6,"2018-03-31",NA,"['2']",NA,"","","",1,1,NA,1,"['2']",7.06549954088,"","",""
6,"2018-03-31",NA,"['3']",NA,"","","",1,1,NA,1,"['3']",3.06525092525,"","",""
6,"2018-03-31",NA,"['4']",NA,"","","",0,1,NA,1,"['1']",2.83276211936,"","",""
6,"2018-03-31",NA,"['2']",NA,"","","",0,1,NA,1,"['3']",3.71511976654,"","",""
6,"2018-03-31",NA,"['1']",NA,"","","",0,1,NA,1,"['4']",4.2985622962,"","",""
6,"2018-03-31",NA,"['1']",NA,"","","",1,1,NA,1,"['1']",12.5172110908,"","",""
6,"2018-03-31",NA,"['3']",NA,"","","",1,1,NA,1,"['3']",8.49583097082,"","",""
51,"2018-04-03",NA,"",NA,"","","",NA,NA,NA,1,"",NA,NA,NA,""
51,"2018-04-03",NA,"",NA,"","","",NA,NA,NA,1,"",NA,NA,NA,"['1']"
51,"2018-04-03",NA,"",NA,"","","",NA,NA,NA,1,"",NA,NA,NA,"['2']"
51,"2018-04-03",NA,"",NA,"","","",NA,NA,NA,1,"",NA,NA,NA,"['2']"
51,"2018-04-03",NA,"",NA,"","","",NA,NA,NA,1,"",NA,NA,NA,"['2']"
51,"2018-04-03",NA,"",NA,"","","",NA,NA,NA,1,"",NA,NA,NA,""
51,"2018-04-03",NA,"['3']",NA,"","","",1,1,NA,1,"['3']",7.32923213507,NA,NA,""
51,"2018-04-03",NA,"['2']",NA,"","","",0,1,NA,1,"['4']",7.58234116199,NA,NA,""
51,"2018-04-03",NA,"['4']",NA,"","","",1,1,NA,1,"['4']",4.98270932624,NA,NA,""
51,"2018-04-03",NA,"['4']",NA,"","","",0,1,NA,1,"['1']",4.43264345955,NA,NA,""
51,"2018-04-03",NA,"['2']",NA,"","","",0,1,NA,1,"['1']",2.83309326486,NA,NA,""
51,"2018-04-03",NA,"['3']",NA,"","","",0,1,NA,1,"['1']",3.76736113533,NA,NA,""
51,"2018-04-03",NA,"['4']",NA,"","","",1,1,NA,1,"['4']",6.88284302886,NA,NA,""
51,"2018-04-03",NA,"['2']",NA,"","","",0,1,NA,1,"['4']",3.29910248168,NA,NA,""
51,"2018-04-03",NA,"['1']",NA,"","","",0,1,NA,1,"['3']",9.19908438937,NA,NA,""
51,"2018-04-03",NA,"['1']",NA,"","","",0,1,NA,1,"['2']",33.0969583988,NA,NA,""
51,"2018-04-03",NA,"['3']",NA,"","","",0,1,NA,1,"['2']",25.6606747326,NA,NA,""
52,"2018-04-03",NA,"",NA,"","","",NA,NA,NA,1,"",NA,"","",""
52,"2018-04-03",NA,"",NA,"","","",NA,NA,NA,1,"",NA,"","","['1']"
52,"2018-04-03",NA,"",NA,"","","",NA,NA,NA,1,"",NA,"","","['3']"
52,"2018-04-03",NA,"",NA,"","","",NA,NA,NA,1,"",NA,"","","['1']"
52,"2018-04-03",NA,"",NA,"","","",NA,NA,NA,1,"",NA,"","","['2']"
52,"2018-04-03",NA,"",NA,"","","",NA,NA,NA,1,"",NA,"[2.136308158485008, 7.070474695578923, 7.436174127660706, 7.718333833162433, 8.452818647309869]","2none",""
52,"2018-04-03",NA,"['3']",NA,"","","",1,1,NA,1,"['3']",13.0758228003,"","",""
52,"2018-04-03",NA,"['2']",NA,"","","",1,1,NA,1,"['2']",5.28268770572,"","",""
52,"2018-04-03",NA,"['4']",NA,"","","",1,1,NA,1,"['4']",6.98259691594,"","",""
52,"2018-04-03",NA,"['4']",NA,"","","",0,1,NA,1,"['3']",6.93249022871,"","",""
52,"2018-04-03",NA,"['2']",NA,"","","",0,1,NA,1,"['4']",6.80007663593,"","",""
52,"2018-04-03",NA,"['3']",NA,"","","",0,1,NA,1,"['4']",2.9993981536,"","",""
52,"2018-04-03",NA,"['4']",NA,"","","",0,1,NA,1,"['1']",4.88314867001,"","",""
52,"2018-04-03",NA,"['2']",NA,"","","",1,1,NA,1,"['2']",2.06613951431,"","",""
52,"2018-04-03",NA,"['1']",NA,"","","",0,1,NA,1,"['2']",2.1328386186,"","",""
52,"2018-04-03",NA,"['1']",NA,"","","",0,1,NA,1,"['2']",29.0163474939,"","",""
52,"2018-04-03",NA,"['3']",NA,"","","",1,1,NA,1,"['3']",18.5453114032,"","",""
59,"2018-04-03",NA,"",NA,"","","",NA,NA,NA,1,"",NA,"","",""
59,"2018-04-03",NA,"",NA,"","","",NA,NA,NA,1,"",NA,"","","['1']"
59,"2018-04-03",NA,"",NA,"","","",NA,NA,NA,1,"",NA,"","","['2']"
59,"2018-04-03",NA,"",NA,"","","",NA,NA,NA,1,"",NA,"","","['1']"
59,"2018-04-03",NA,"",NA,"","","",NA,NA,NA,1,"",NA,"","","['1']"
59,"2018-04-03",NA,"",NA,"","","",NA,NA,NA,1,"",NA,"[5.365939021925442, 5.683133818722126, 6.115124560052209, 6.615888662930956]","drum",""
59,"2018-04-03",NA,"['3']",NA,"","","",0,1,NA,1,"['4']",6.4228063273,"","",""
59,"2018-04-03",NA,"['2']",NA,"","","",0,1,NA,1,"['4']",7.71564624232,"","",""
59,"2018-04-03",NA,"['4']",NA,"","","",1,1,NA,1,"['4']",3.69896438932,"","",""
59,"2018-04-03",NA,"['4']",NA,"","","",0,1,NA,1,"['3']",7.03178708996,"","",""
59,"2018-04-03",NA,"['2']",NA,"","","",0,1,NA,1,"['3']",3.88207625931,"","",""
59,"2018-04-03",NA,"['3']",NA,"","","",1,1,NA,1,"['3']",6.04901950729,"","",""
59,"2018-04-03",NA,"['4']",NA,"","","",0,1,NA,1,"['1']",5.8149796164,"","",""
59,"2018-04-03",NA,"['2']",NA,"","","",0,1,NA,1,"['1']",3.76640113493,"","",""
59,"2018-04-03",NA,"['1']",NA,"","","",0,1,NA,1,"['3']",7.64791534274,"","",""
59,"2018-04-03",NA,"['1']",NA,"","","",0,1,NA,1,"['3']",10.9328557673,"","",""
59,"2018-04-03",NA,"['3']",NA,"","","",1,1,NA,1,"['3']",5.87810456538,"","",""
61,"2018-04-04",NA,"",NA,"","","",NA,NA,NA,1,"",NA,"","",""
61,"2018-04-04",NA,"",NA,"","","",NA,NA,NA,1,"",NA,"","","['1']"
61,"2018-04-04",NA,"",NA,"","","",NA,NA,NA,1,"",NA,"","","['2']"
61,"2018-04-04",NA,"",NA,"","","",NA,NA,NA,1,"",NA,"","","['1']"
61,"2018-04-04",NA,"",NA,"","","",NA,NA,NA,1,"",NA,"","","['2']"
61,"2018-04-04",NA,"",NA,"","","",NA,NA,NA,1,"",NA,"[2.8060503819724545, 4.188498128612991, 4.4556777254038025, 4.688166436171741, 5.126078410699847]"," none",""
61,"2018-04-04",NA,"['3']",NA,"","","",0,1,NA,1,"['4']",6.26770308419,"","",""
61,"2018-04-04",NA,"['2']",NA,"","","",1,1,NA,1,"['2']",3.73225835169,"","",""
61,"2018-04-04",NA,"['4']",NA,"","","",0,1,NA,1,"['1']",4.48319486489,"","",""
61,"2018-04-04",NA,"['4']",NA,"","","",0,1,NA,1,"['2']",5.33100567426,"","",""
61,"2018-04-04",NA,"['2']",NA,"","","",0,1,NA,1,"['3']",6.7823039107,"","",""
61,"2018-04-04",NA,"['3']",NA,"","","",0,1,NA,1,"['4']",4.83183664897,"","",""
61,"2018-04-04",NA,"['4']",NA,"","","",0,1,NA,1,"['1']",3.56662833503,"","",""
61,"2018-04-04",NA,"['2']",NA,"","","",0,1,NA,1,"['4']",2.98287096733,"","",""
61,"2018-04-04",NA,"['1']",NA,"","","",0,1,NA,1,"['3']",3.73211640293,"","",""
61,"2018-04-04",NA,"['1']",NA,"","","",1,1,NA,1,"['1']",26.7323465569,"","",""
61,"2018-04-04",NA,"['3']",NA,"","","",1,1,NA,1,"['3']",10.6627744258,"","",""
69,"2018-05-20",NA,"",NA,"","","",NA,NA,NA,1,"",NA,"",NA,""
69,"2018-05-20",NA,"",NA,"","","",NA,NA,NA,1,"",NA,"",NA,"['1']"
69,"2018-05-20",NA,"",NA,"","","",NA,NA,NA,1,"",NA,"",NA,"['2']"
69,"2018-05-20",NA,"",NA,"","","",NA,NA,NA,1,"",NA,"",NA,"['1']"
69,"2018-05-20",NA,"",NA,"","","",NA,NA,NA,1,"",NA,"",NA,"['2']"
69,"2018-05-20",NA,"",NA,"","","",NA,NA,NA,1,"",NA,"[1.3581849951297045]",NA,""
69,"2018-05-20",NA,"['3']",NA,"","","",1,1,NA,1,"['3']",7.08211641177,"",NA,""
69,"2018-05-20",NA,"['2']",NA,"","","",0,1,NA,1,"['4']",2.81770648062,"",NA,""
69,"2018-05-20",NA,"['4']",NA,"","","",1,1,NA,1,"['4']",2.13227101672,"",NA,""
69,"2018-05-20",NA,"['4']",NA,"","","",0,1,NA,1,"['2']",2.89914104715,"",NA,""
69,"2018-05-20",NA,"['2']",NA,"","","",0,1,NA,1,"['3']",2.13323388714,"",NA,""
69,"2018-05-20",NA,"['3']",NA,"","","",0,1,NA,1,"['4']",2.38307111827,"",NA,""
69,"2018-05-20",NA,"['4']",NA,"","","",1,1,NA,1,"['4']",2.36384201376,"",NA,""
69,"2018-05-20",NA,"['2']",NA,"","","",1,1,NA,1,"['2']",3.79861727357,"",NA,""
69,"2018-05-20",NA,"['1']",NA,"","","",0,1,NA,1,"['3']",2.49990297458,"",NA,""
69,"2018-05-20",NA,"['1']",NA,"","","",1,1,NA,1,"['1']",16.717703732,"",NA,""
69,"2018-05-20",NA,"['3']",NA,"","","",0,1,NA,1,"['2']",5.43023782945,"",NA,""
79,"2018-04-15",NA,"",NA,"","","",NA,NA,NA,1,"",NA,"","",""
79,"2018-04-15",NA,"",NA,"","","",NA,NA,NA,1,"",NA,"","","['3']"
79,"2018-04-15",NA,"",NA,"","","",NA,NA,NA,1,"",NA,"","","['2']"
79,"2018-04-15",NA,"",NA,"","","",NA,NA,NA,1,"",NA,"","","['1']"
79,"2018-04-15",NA,"",NA,"","","",NA,NA,NA,1,"",NA,"","","['2']"
79,"2018-04-15",NA,"",NA,"","","",NA,NA,NA,1,"",NA,"[2.2666035966249183, 3.7669914942234755, 4.348593784146942, 4.716456909314729]","2back na",""
79,"2018-04-15",NA,"['3']",NA,"","","",0,1,NA,1,"['4']",19.112345482,"","",""
79,"2018-04-15",NA,"['2']",NA,"","","",0,1,NA,1,"['1']",4.79896443035,"","",""
79,"2018-04-15",NA,"['4']",NA,"","","",1,1,NA,1,"['4']",5.48161291552,"","",""
79,"2018-04-15",NA,"['4']",NA,"","","",0,1,NA,1,"['3']",3.56719859166,"","",""
79,"2018-04-15",NA,"['2']",NA,"","","",0,1,NA,1,"['1']",3.38240384927,"","",""
79,"2018-04-15",NA,"['3']",NA,"","","",0,1,NA,1,"['2']",2.88324877259,"","",""
79,"2018-04-15",NA,"['4']",NA,"","","",0,1,NA,1,"['3']",2.83197654644,"","",""
79,"2018-04-15",NA,"['2']",NA,"","","",0,1,NA,1,"['4']",2.08269418776,"","",""
79,"2018-04-15",NA,"['1']",NA,"","","",0,1,NA,1,"['4']",2.14930508693,"","",""
79,"2018-04-15",NA,"['1']",NA,"","","",0,1,NA,1,"['3']",25.5504154053,"","",""
79,"2018-04-15",NA,"['3']",NA,"","","",0,1,NA,1,"['2']",3.20918203448,"","",""
83,"2018-04-28",NA,"",NA,"","","",NA,NA,NA,1,"",NA,"","",""
83,"2018-04-28",NA,"",NA,"","","",NA,NA,NA,1,"",NA,"","","['3']"
83,"2018-04-28",NA,"",NA,"","","",NA,NA,NA,1,"",NA,"","","['2']"
83,"2018-04-28",NA,"",NA,"","","",NA,NA,NA,1,"",NA,"","","['1']"
83,"2018-04-28",NA,"",NA,"","","",NA,NA,NA,1,"",NA,"","","['2']"
83,"2018-04-28",NA,"",NA,"","","",NA,NA,NA,1,"",NA,"[3.078545544354256, 4.329219287114711, 4.561537360159264]"," no",""
83,"2018-04-28",NA,"['3']",NA,"","","",0,1,NA,1,"['4']",15.2876259024,"","",""
83,"2018-04-28",NA,"['2']",NA,"","","",1,1,NA,1,"['2']",5.56574166268,"","",""
83,"2018-04-28",NA,"['4']",NA,"","","",1,1,NA,1,"['4']",5.14883099631,"","",""
83,"2018-04-28",NA,"['4']",NA,"","","",0,1,NA,1,"['1']",3.59928705729,"","",""
83,"2018-04-28",NA,"['2']",NA,"","","",0,1,NA,1,"['3']",6.66575302677,"","",""
83,"2018-04-28",NA,"['3']",NA,"","","",1,1,NA,1,"['3']",3.68192736583,"","",""
83,"2018-04-28",NA,"['4']",NA,"","","",0,1,NA,1,"['1']",2.9825522266,"","",""
83,"2018-04-28",NA,"['2']",NA,"","","",1,1,NA,1,"['2']",1.91581261644,"","",""
83,"2018-04-28",NA,"['1']",NA,"","","",0,1,NA,1,"['3']",1.44897134486,"","",""
83,"2018-04-28",NA,"['1']",NA,"","","",0,1,NA,1,"['3']",16.0109361917,"","",""
83,"2018-04-28",NA,"['3']",NA,"","","",0,1,NA,1,"['2']",8.47905992321,"","",""
85,"2018-04-28",NA,"",NA,"","","",NA,NA,NA,1,"",NA,"","",""
85,"2018-04-28",NA,"",NA,"","","",NA,NA,NA,1,"",NA,"","","['1']"
85,"2018-04-28",NA,"",NA,"","","",NA,NA,NA,1,"",NA,"","","['2']"
85,"2018-04-28",NA,"",NA,"","","",NA,NA,NA,1,"",NA,"","","['2']"
85,"2018-04-28",NA,"",NA,"","","",NA,NA,NA,1,"",NA,"","","['1']"
85,"2018-04-28",NA,"",NA,"","","",NA,NA,NA,1,"",NA,"[5.347601213208691, 5.797937069204636, 6.247235388018453, 6.680560393157066, 7.196955655028432, 7.712560764026421, 8.030649808431917, 8.247536105594918, 9.880177378243388]","keyboard ",""
85,"2018-04-28",NA,"['3']",NA,"","","",1,1,NA,1,"['3']",18.3894719309,"","",""
85,"2018-04-28",NA,"['2']",NA,"","","",0,1,NA,1,"['1']",6.31581663694,"","",""
85,"2018-04-28",NA,"['4']",NA,"","","",0,1,NA,1,"['3']",7.18179505831,"","",""
85,"2018-04-28",NA,"['4']",NA,"","","",0,1,NA,1,"['1']",3.64955858516,"","",""
85,"2018-04-28",NA,"['2']",NA,"","","",0,1,NA,1,"['1']",3.43248972411,"","",""
85,"2018-04-28",NA,"['3']",NA,"","","",1,1,NA,1,"['3']",5.46556168341,"","",""
85,"2018-04-28",NA,"['4']",NA,"","","",0,1,NA,1,"['3']",2.13560762797,"","",""
85,"2018-04-28",NA,"['2']",NA,"","","",0,1,NA,1,"['1']",3.48190915047,"","",""
85,"2018-04-28",NA,"['1']",NA,"","","",0,1,NA,1,"['3']",5.44991288216,"","",""
85,"2018-04-28",NA,"['1']",NA,"","","",0,1,NA,1,"['3']",15.5515726545,"","",""
85,"2018-04-28",NA,"['3']",NA,"","","",1,1,NA,1,"['3']",19.9604915358,"","",""
90,"2018-05-06",NA,"",NA,"","","",NA,NA,NA,1,"",NA,"","",""
90,"2018-05-06",NA,"",NA,"","","",NA,NA,NA,1,"",NA,"","","['1']"
90,"2018-05-06",NA,"",NA,"","","",NA,NA,NA,1,"",NA,"","","['1']"
90,"2018-05-06",NA,"",NA,"","","",NA,NA,NA,1,"",NA,"","","['2']"
90,"2018-05-06",NA,"",NA,"","","",NA,NA,NA,1,"",NA,"","","['1']"
90,"2018-05-06",NA,"",NA,"","","",NA,NA,NA,1,"",NA,"[7.058617363800295, 7.191326533793472, 7.957811334053986, 8.090751478099264, 8.175488604581915]","piano",""
90,"2018-05-06",NA,"['3']",NA,"","","",0,1,NA,1,"['2']",14.2797633479,"","",""
90,"2018-05-06",NA,"['2']",NA,"","","",0,1,NA,1,"['4']",8.23195827869,"","",""
90,"2018-05-06",NA,"['4']",NA,"","","",0,1,NA,1,"['2']",6.16602276999,"","",""
90,"2018-05-06",NA,"['4']",NA,"","","",0,1,NA,1,"['1']",4.14917355997,"","",""
90,"2018-05-06",NA,"['2']",NA,"","","",1,1,NA,1,"['2']",4.84941146744,"","",""
90,"2018-05-06",NA,"['3']",NA,"","","",1,1,NA,1,"['3']",2.28262283164,"","",""
90,"2018-05-06",NA,"['4']",NA,"","","",1,1,NA,1,"['4']",2.68307280028,"","",""
90,"2018-05-06",NA,"['2']",NA,"","","",0,1,NA,1,"['4']",1.78212170408,"","",""
90,"2018-05-06",NA,"['1']",NA,"","","",0,1,NA,1,"['2']",3.66596266744,"","",""
90,"2018-05-06",NA,"['1']",NA,"","","",0,1,NA,1,"['2']",37.3871051646,"","",""
90,"2018-05-06",NA,"['3']",NA,"","","",1,1,NA,1,"['3']",13.8450927035,"","",""
91,"2018-05-06",NA,"",NA,"","","",NA,NA,NA,1,"",NA,"","",""
91,"2018-05-06",NA,"",NA,"","","",NA,NA,NA,1,"",NA,"","","['1']"
91,"2018-05-06",NA,"",NA,"","","",NA,NA,NA,1,"",NA,"","","['1']"
91,"2018-05-06",NA,"",NA,"","","",NA,NA,NA,1,"",NA,"","","['1']"
91,"2018-05-06",NA,"",NA,"","","",NA,NA,NA,1,"",NA,"","","['1']"
91,"2018-05-06",NA,"",NA,"","","",NA,NA,NA,1,"",NA,"[3.1241914369165897, 3.6573850370477885, 3.974875107873231, 4.457257283385843, 5.057888339040801, 5.757126452750526, 6.924210554803722]","guitar ",""
91,"2018-05-06",NA,"['3']",NA,"","","",1,1,NA,1,"['3']",8.99452882726,"","",""
91,"2018-05-06",NA,"['2']",NA,"","","",1,1,NA,1,"['2']",6.13239245245,"","",""
91,"2018-05-06",NA,"['4']",NA,"","","",1,1,NA,1,"['4']",3.20013883058,"","",""
91,"2018-05-06",NA,"['4']",NA,"","","",1,1,NA,1,"['4']",2.81638504646,"","",""
91,"2018-05-06",NA,"['2']",NA,"","","",1,1,NA,1,"['2']",3.84951772366,"","",""
91,"2018-05-06",NA,"['3']",NA,"","","",1,1,NA,1,"['3']",3.14855243254,"","",""
91,"2018-05-06",NA,"['4']",NA,"","","",1,1,NA,1,"['4']",1.94956970308,"","",""
91,"2018-05-06",NA,"['2']",NA,"","","",0,1,NA,1,"['1']",1.28313318989,"","",""
91,"2018-05-06",NA,"['1']",NA,"","","",0,1,NA,1,"['2']",2.01688572287,"","",""
91,"2018-05-06",NA,"['1']",NA,"","","",1,1,NA,1,"['1']",8.81346320396,"","",""
91,"2018-05-06",NA,"['3']",NA,"","","",0,1,NA,1,"['2']",28.3644893975,"","",""
94,"2018-06-02",NA,"",NA,"","","",NA,NA,NA,1,"",NA,"",NA,""
94,"2018-06-02",NA,"",NA,"","","",NA,NA,NA,1,"",NA,"",NA,"['1']"
94,"2018-06-02",NA,"",NA,"","","",NA,NA,NA,1,"",NA,"",NA,"['2']"
94,"2018-06-02",NA,"",NA,"","","",NA,NA,NA,1,"",NA,"",NA,"['1']"
94,"2018-06-02",NA,"",NA,"","","",NA,NA,NA,1,"",NA,"",NA,"['2']"
94,"2018-06-02",NA,"",NA,"","","",NA,NA,NA,1,"",NA,"[2.4000656409189105]","2",""
94,"2018-06-02",NA,"['3']",NA,"","","",1,1,NA,1,"['3']",8.00665928202,"",NA,""
94,"2018-06-02",NA,"['2']",NA,"","","",1,1,NA,1,"['2']",7.4154810257,"",NA,""
94,"2018-06-02",NA,"['4']",NA,"","","",1,1,NA,1,"['4']",4.94905723073,"",NA,""
94,"2018-06-02",NA,"['4']",NA,"","","",0,1,NA,1,"['1']",3.49899569235,"",NA,""
94,"2018-06-02",NA,"['2']",NA,"","","",0,1,NA,1,"['3']",5.9157247179,"",NA,""
94,"2018-06-02",NA,"['3']",NA,"","","",0,1,NA,1,"['1']",4.76554707694,"",NA,""
94,"2018-06-02",NA,"['4']",NA,"","","",1,1,NA,1,"['4']",3.86538297439,"",NA,""
94,"2018-06-02",NA,"['2']",NA,"","","",0,1,NA,1,"['1']",3.11565456411,"",NA,""
94,"2018-06-02",NA,"['1']",NA,"","","",0,1,NA,1,"['2']",2.03241189744,"",NA,""
94,"2018-06-02",NA,"['1']",NA,"","","",0,1,NA,1,"['3']",13.4534084102,"",NA,""
94,"2018-06-02",NA,"['3']",NA,"","","",0,1,NA,1,"['1']",7.66165620508,"",NA,""
95,"2018-06-02",NA,"",NA,"","","",NA,NA,NA,1,"",NA,NA,NA,""
95,"2018-06-02",NA,"",NA,"","","",NA,NA,NA,1,"",NA,NA,NA,"['1']"
95,"2018-06-02",NA,"",NA,"","","",NA,NA,NA,1,"",NA,NA,NA,"['2']"
95,"2018-06-02",NA,"",NA,"","","",NA,NA,NA,1,"",NA,NA,NA,"['1']"
95,"2018-06-02",NA,"",NA,"","","",NA,NA,NA,1,"",NA,NA,NA,"['2']"
95,"2018-06-02",NA,"",NA,"","","",NA,NA,NA,1,"",NA,NA,NA,""
95,"2018-06-02",NA,"['3']",NA,"","","",0,1,NA,1,"['2']",8.51440164098,NA,NA,""
95,"2018-06-02",NA,"['2']",NA,"","","",0,1,NA,1,"['4']",4.96574605128,NA,NA,""
95,"2018-06-02",NA,"['4']",NA,"","","",0,1,NA,1,"['1']",6.66557456413,NA,NA,""
95,"2018-06-02",NA,"['4']",NA,"","","",0,1,NA,1,"['1']",4.43242707686,NA,NA,""
95,"2018-06-02",NA,"['2']",NA,"","","",1,1,NA,1,"['2']",8.48202871787,NA,NA,""
95,"2018-06-02",NA,"['3']",NA,"","","",0,1,NA,1,"['4']",4.33359753853,NA,NA,""
95,"2018-06-02",NA,"['4']",NA,"","","",0,1,NA,1,"['1']",3.78129723074,NA,NA,""
95,"2018-06-02",NA,"['2']",NA,"","","",0,1,NA,1,"['4']",3.68272410263,NA,NA,""
95,"2018-06-02",NA,"['1']",NA,"","","",0,1,NA,1,"['4']",5.10168287181,NA,NA,""
95,"2018-06-02",NA,"['1']",NA,"","","",1,1,NA,1,"['1']",14.7818379487,NA,NA,""
95,"2018-06-02",NA,"['3']",NA,"","","",0,1,NA,1,"['2']",11.1467712821,NA,NA,""
96,"2018-05-12",NA,"",NA,"","","",NA,NA,NA,1,"",NA,"","",""
96,"2018-05-12",NA,"",NA,"","","",NA,NA,NA,1,"",NA,"","","['1']"
96,"2018-05-12",NA,"",NA,"","","",NA,NA,NA,1,"",NA,"","","['1']"
96,"2018-05-12",NA,"",NA,"","","",NA,NA,NA,1,"",NA,"","","['1']"
96,"2018-05-12",NA,"",NA,"","","",NA,NA,NA,1,"",NA,"","","['1']"
96,"2018-05-12",NA,"",NA,"","","",NA,NA,NA,1,"",NA,"[1.5287907337769866, 2.1616785700898618, 4.2113306117244065, 4.561221052892506, 5.595906548667699, 5.89523705188185, 6.028297811280936]","jback kazoo",""
96,"2018-05-12",NA,"['3']",NA,"","","",0,1,NA,1,"['2']",6.89876156044,"","",""
96,"2018-05-12",NA,"['2']",NA,"","","",0,1,NA,1,"['4']",7.0153632632,"","",""
96,"2018-05-12",NA,"['4']",NA,"","","",1,1,NA,1,"['4']",5.74972748756,"","",""
96,"2018-05-12",NA,"['4']",NA,"","","",0,1,NA,1,"['1']",6.21507214545,"","",""
96,"2018-05-12",NA,"['2']",NA,"","","",1,1,NA,1,"['2']",4.44909811392,"","",""
96,"2018-05-12",NA,"['3']",NA,"","","",1,1,NA,1,"['3']",4.13330773334,"","",""
96,"2018-05-12",NA,"['4']",NA,"","","",1,1,NA,1,"['4']",3.31588843162,"","",""
96,"2018-05-12",NA,"['2']",NA,"","","",0,1,NA,1,"['1']",3.28209606302,"","",""
96,"2018-05-12",NA,"['1']",NA,"","","",0,1,NA,1,"['4']",2.36590437009,"","",""
96,"2018-05-12",NA,"['1']",NA,"","","",1,1,NA,1,"['1']",14.2165326567,"","",""
96,"2018-05-12",NA,"['3']",NA,"","","",0,1,NA,1,"['2']",7.01276880479,"","",""
97,"2018-05-12",NA,"",NA,"","","",NA,NA,NA,1,"",NA,"","",""
97,"2018-05-12",NA,"",NA,"","","",NA,NA,NA,1,"",NA,"","","['1']"
97,"2018-05-12",NA,"",NA,"","","",NA,NA,NA,1,"",NA,"","","['1']"
97,"2018-05-12",NA,"",NA,"","","",NA,NA,NA,1,"",NA,"","","['1']"
97,"2018-05-12",NA,"",NA,"","","",NA,NA,NA,1,"",NA,"","","['1']"
97,"2018-05-12",NA,"",NA,"","","",NA,NA,NA,1,"",NA,"[11.837843481684104, 12.43826448614709, 14.087885840563104, 14.321020322851837, 15.705186414066702, 16.237401553895324, 17.854030538583174, 18.287679645931348, 18.454823235049844, 19.919521739939228, 20.53816385054961, 21.386534908786416, 21.536112570902333]","xylophonwback eback back ",""
97,"2018-05-12",NA,"['3']",NA,"","","",0,1,NA,1,"['4']",14.3745185134,"","",""
97,"2018-05-12",NA,"['2']",NA,"","","",1,1,NA,1,"['2']",6.88260404184,"","",""
97,"2018-05-12",NA,"['4']",NA,"","","",1,1,NA,1,"['4']",3.08194779675,"","",""
97,"2018-05-12",NA,"['4']",NA,"","","",1,1,NA,1,"['4']",3.29935306753,"","",""
97,"2018-05-12",NA,"['2']",NA,"","","",0,1,NA,1,"['1']",4.11552519095,"","",""
97,"2018-05-12",NA,"['3']",NA,"","","",1,1,NA,1,"['3']",3.58271189826,"","",""
97,"2018-05-12",NA,"['4']",NA,"","","",0,1,NA,1,"['1']",2.34981823619,"","",""
97,"2018-05-12",NA,"['2']",NA,"","","",0,1,NA,1,"['4']",1.13241255493,"","",""
97,"2018-05-12",NA,"['1']",NA,"","","",1,1,NA,1,"['1']",1.6828869544,"","",""
97,"2018-05-12",NA,"['1']",NA,"","","",0,1,NA,1,"['3']",25.5541334718,"","",""
97,"2018-05-12",NA,"['3']",NA,"","","",1,1,NA,1,"['3']",15.2785588368,"","",""
99,"2018-05-06",NA,"",NA,"","","",NA,NA,NA,1,"",NA,"","",""
99,"2018-05-06",NA,"",NA,"","","",NA,NA,NA,1,"",NA,"","","['2']"
99,"2018-05-06",NA,"",NA,"","","",NA,NA,NA,1,"",NA,"","","['1']"
99,"2018-05-06",NA,"",NA,"","","",NA,NA,NA,1,"",NA,"","","['1']"
99,"2018-05-06",NA,"",NA,"","","",NA,NA,NA,1,"",NA,"","","['1']"
99,"2018-05-06",NA,"",NA,"","","",NA,NA,NA,1,"",NA,"[3.697221705922857, 3.914221643935889, 4.6293087638914585, 5.064260023413226, 5.297383428784087, 5.613498321850784, 6.164390771999024, 6.6138888854766265, 6.829622363555245, 7.04701737803407, 7.347859264118597, 8.713890813640319, 9.97952576878015, 10.262444394873455, 10.56380361376796, 10.778193093487062, 10.978848846512847, 11.17939834331628, 11.528862938750535]","piano and gback  violin",""
99,"2018-05-06",NA,"['3']",NA,"","","",1,1,NA,1,"['3']",5.24781877198,"","",""
99,"2018-05-06",NA,"['2']",NA,"","","",1,1,NA,1,"['2']",5.14967161056,"","",""
99,"2018-05-06",NA,"['4']",NA,"","","",1,1,NA,1,"['4']",2.78229811403,"","",""
99,"2018-05-06",NA,"['4']",NA,"","","",0,1,NA,1,"['1']",2.9157026679,"","",""
99,"2018-05-06",NA,"['2']",NA,"","","",0,1,NA,1,"['3']",4.80100619362,"","",""
99,"2018-05-06",NA,"['3']",NA,"","","",1,1,NA,1,"['3']",6.24919723184,"","",""
99,"2018-05-06",NA,"['4']",NA,"","","",1,1,NA,1,"['4']",2.6844147474,"","",""
99,"2018-05-06",NA,"['2']",NA,"","","",0,1,NA,1,"['4']",2.13268947776,"","",""
99,"2018-05-06",NA,"['1']",NA,"","","",0,1,NA,1,"['2']",4.38224322186,"","",""
99,"2018-05-06",NA,"['1']",NA,"","","",1,1,NA,1,"['1']",12.1814426485,"","",""
99,"2018-05-06",NA,"['3']",NA,"","","",1,1,NA,1,"['3']",7.86241822061,"","",""
100,"2018-05-19",NA,"",NA,"","","",NA,NA,NA,1,"",NA,"","",""
100,"2018-05-19",NA,"",NA,"","","",NA,NA,NA,1,"",NA,"","","['1']"
100,"2018-05-19",NA,"",NA,"","","",NA,NA,NA,1,"",NA,"","","['3']"
100,"2018-05-19",NA,"",NA,"","","",NA,NA,NA,1,"",NA,"","","['1']"
100,"2018-05-19",NA,"",NA,"","","",NA,NA,NA,1,"",NA,"","","['2']"
100,"2018-05-19",NA,"",NA,"","","",NA,NA,NA,1,"",NA,"[3.349389518611133, 5.550824347650632, 7.76654880004935, 10.64992330269888, 14.66716923005879, 16.549812246346846]"," 2back  s ",""
100,"2018-05-19",NA,"['3']",NA,"","","",0,1,NA,1,"['4']",14.6278888683,"","",""
100,"2018-05-19",NA,"['2']",NA,"","","",0,1,NA,1,"['4']",9.91480913037,"","",""
100,"2018-05-19",NA,"['4']",NA,"","","",1,1,NA,1,"['4']",4.23196566314,"","",""
100,"2018-05-19",NA,"['4']",NA,"","","",0,1,NA,1,"['1']",0.0692446324974,"","",""
100,"2018-05-19",NA,"['2']",NA,"","","",1,1,NA,1,"['2']",6.08289179555,"","",""
100,"2018-05-19",NA,"['3']",NA,"","","",0,1,NA,1,"['1']",5.83269066759,"","",""
100,"2018-05-19",NA,"['4']",NA,"","","",1,1,NA,1,"['4']",4.53259544703,"","",""
100,"2018-05-19",NA,"['2']",NA,"","","",0,1,NA,1,"['1']",4.06574761122,"","",""
100,"2018-05-19",NA,"['1']",NA,"","","",0,1,NA,1,"['3']",3.36535708886,"","",""
100,"2018-05-19",NA,"['1']",NA,"","","",1,1,NA,1,"['1']",16.9664726567,"","",""
100,"2018-05-19",NA,"['3']",NA,"","","",0,1,NA,1,"['2']",6.5458282514,"","",""
101,"2018-06-02",NA,"",NA,"","","",NA,NA,NA,1,"",NA,"","",""
101,"2018-06-02",NA,"",NA,"","","",NA,NA,NA,1,"",NA,"","","['1']"
101,"2018-06-02",NA,"",NA,"","","",NA,NA,NA,1,"",NA,"","","['1']"
101,"2018-06-02",NA,"",NA,"","","",NA,NA,NA,1,"",NA,"","","['1']"
101,"2018-06-02",NA,"",NA,"","","",NA,NA,NA,1,"",NA,"","","['1']"
101,"2018-06-02",NA,"",NA,"","","",NA,NA,NA,1,"",NA,"[11.283204102539457, 11.383640205138363, 12.183855179464445, 12.549841230735183, 12.816682256408967, 13.083665641024709, 13.583414564142004, 13.732641641050577, 13.950889846193604, 14.316383179510012, 15.382159179542214, 15.50008820509538, 15.916699487133883, 16.11682215379551, 16.283550769207068, 16.382795487181284, 16.782605948741548, 16.899503999971785, 17.017085538478568, 17.166529641021043, 17.215721846208908, 17.431519179488532, 17.531868717982434, 17.648534153820947, 17.831350153894164, 17.948657641070895, 18.149093333282508, 18.298883281997405, 18.36594379483722, 18.46572061534971, 18.715406358940527, 18.816495589795522, 19.93264697433915, 20.265021128230728, 20.465688615338877, 21.414840205106884, 22.215927794924937, 22.332876717904583]","at school 9not formal at home0back 0back 0",""
101,"2018-06-02",NA,"['3']",NA,"","","",1,1,NA,1,"['3']",4.78166441026,"","",""
101,"2018-06-02",NA,"['2']",NA,"","","",1,1,NA,1,"['2']",3.91676266666,"","",""
101,"2018-06-02",NA,"['4']",NA,"","","",1,1,NA,1,"['4']",2.24939446163,"","",""
101,"2018-06-02",NA,"['4']",NA,"","","",1,1,NA,1,"['4']",1.88263261539,"","",""
101,"2018-06-02",NA,"['2']",NA,"","","",0,1,NA,1,"['1']",2.98271794873,"","",""
101,"2018-06-02",NA,"['3']",NA,"","","",0,1,NA,1,"['1']",4.5153846154,"","",""
101,"2018-06-02",NA,"['4']",NA,"","","",0,1,NA,1,"['1']",3.61635158979,"","",""
101,"2018-06-02",NA,"['2']",NA,"","","",0,1,NA,1,"['1']",2.5159138462,"","",""
101,"2018-06-02",NA,"['1']",NA,"","","",0,1,NA,1,"['2']",3.03301292309,"","",""
101,"2018-06-02",NA,"['1']",NA,"","","",1,1,NA,1,"['1']",50.7121788717,"","",""
101,"2018-06-02",NA,"['3']",NA,"","","",1,1,NA,1,"['3']",5.59402461548,"","",""
102,"2018-05-19",NA,"",NA,"","","",NA,NA,NA,1,"",NA,"","",""
102,"2018-05-19",NA,"",NA,"","","",NA,NA,NA,1,"",NA,"","","['1']"
102,"2018-05-19",NA,"",NA,"","","",NA,NA,NA,1,"",NA,"","","['1']"
102,"2018-05-19",NA,"",NA,"","","",NA,NA,NA,1,"",NA,"","","['1']"
102,"2018-05-19",NA,"",NA,"","","",NA,NA,NA,1,"",NA,"","","['1']"
102,"2018-05-19",NA,"",NA,"","","",NA,NA,NA,1,"",NA,"[4.168194664875045, 4.465993272606283, 5.782914318609983, 6.2304940754547715, 6.582071078475565]","piano",""
102,"2018-05-19",NA,"['3']",NA,"","","",1,1,NA,1,"['3']",7.25214368966,"","",""
102,"2018-05-19",NA,"['2']",NA,"","","",1,1,NA,1,"['2']",5.83260082151,"","",""
102,"2018-05-19",NA,"['4']",NA,"","","",1,1,NA,1,"['4']",4.79926752904,"","",""
102,"2018-05-19",NA,"['4']",NA,"","","",0,1,NA,1,"['1']",4.8824715293,"","",""
102,"2018-05-19",NA,"['2']",NA,"","","",0,1,NA,1,"['1']",4.31593930349,"","",""
102,"2018-05-19",NA,"['3']",NA,"","","",0,1,NA,1,"['1']",4.68242049334,"","",""
102,"2018-05-19",NA,"['4']",NA,"","","",0,1,NA,1,"['1']",3.91586184711,"","",""
102,"2018-05-19",NA,"['2']",NA,"","","",1,1,NA,1,"['2']",4.96577399084,"","",""
102,"2018-05-19",NA,"['1']",NA,"","","",0,1,NA,1,"['3']",4.06604914949,"","",""
102,"2018-05-19",NA,"['1']",NA,"","","",0,1,NA,1,"['2']",27.0141374185,"","",""
102,"2018-05-19",NA,"['3']",NA,"","","",0,1,NA,1,"['2']",21.2113548168,"","",""
105,"2018-05-18",NA,"",NA,"","","",NA,NA,NA,1,"",NA,"","",""
105,"2018-05-18",NA,"",NA,"","","",NA,NA,NA,1,"",NA,"","","['1']"
105,"2018-05-18",NA,"",NA,"","","",NA,NA,NA,1,"",NA,"","","['3']"
105,"2018-05-18",NA,"",NA,"","","",NA,NA,NA,1,"",NA,"","","['2']"
105,"2018-05-18",NA,"",NA,"","","",NA,NA,NA,1,"",NA,"","","['2']"
105,"2018-05-18",NA,"",NA,"","","",NA,NA,NA,1,"",NA,"[3.2760899167042226, 4.010221526026726, 4.526316070230678, 4.994484109338373]","none",""
105,"2018-05-18",NA,"['3']",NA,"","","",1,1,NA,1,"['3']",10.404714989,"","",""
105,"2018-05-18",NA,"['2']",NA,"","","",1,1,NA,1,"['2']",5.54904711922,"","",""
105,"2018-05-18",NA,"['4']",NA,"","","",1,1,NA,1,"['4']",3.0661012521,"","",""
105,"2018-05-18",NA,"['4']",NA,"","","",0,1,NA,1,"['1']",7.63227983727,"","",""
105,"2018-05-18",NA,"['2']",NA,"","","",0,1,NA,1,"['3']",5.81588248303,"","",""
105,"2018-05-18",NA,"['3']",NA,"","","",0,1,NA,1,"['4']",4.21666681021,"","",""
105,"2018-05-18",NA,"['4']",NA,"","","",0,1,NA,1,"['1']",4.0487544015,"","",""
105,"2018-05-18",NA,"['2']",NA,"","","",0,1,NA,1,"['1']",4.84903895482,"","",""
105,"2018-05-18",NA,"['1']",NA,"","","",0,1,NA,1,"['3']",6.2159492725,"","",""
105,"2018-05-18",NA,"['1']",NA,"","","",0,1,NA,1,"['3']",12.6182737006,"","",""
105,"2018-05-18",NA,"['3']",NA,"","","",0,1,NA,1,"['2']",10.6791540359,"","",""
109,"2018-06-03",NA,"",NA,"","","",NA,NA,NA,1,"",NA,"","",""
109,"2018-06-03",NA,"",NA,"","","",NA,NA,NA,1,"",NA,"","","['1']"
109,"2018-06-03",NA,"",NA,"","","",NA,NA,NA,1,"",NA,"","","['1']"
109,"2018-06-03",NA,"",NA,"","","",NA,NA,NA,1,"",NA,"","","['1']"
109,"2018-06-03",NA,"",NA,"","","",NA,NA,NA,1,"",NA,"","","['1']"
109,"2018-06-03",NA,"",NA,"","","",NA,NA,NA,1,"",NA,"[3.782278564176522, 4.915369025664404, 5.46615384623874, 5.832030769321136, 6.1320722051896155]","piano",""
109,"2018-06-03",NA,"['3']",NA,"","","",1,1,NA,1,"['3']",8.596379,"","",""
109,"2018-06-03",NA,"['2']",NA,"","","",1,1,NA,1,"['2']",5.215109,"","",""
109,"2018-06-03",NA,"['4']",NA,"","","",1,1,NA,1,"['4']",5.482684,"","",""
109,"2018-06-03",NA,"['4']",NA,"","","",0,1,NA,1,"['1']",4.164991,"","",""
109,"2018-06-03",NA,"['2']",NA,"","","",0,1,NA,1,"['1']",3.932559,"","",""
109,"2018-06-03",NA,"['3']",NA,"","","",0,1,NA,1,"['1']",6.683293,"","",""
109,"2018-06-03",NA,"['4']",NA,"","","",0,1,NA,1,"['1']",12.13165,"","",""
109,"2018-06-03",NA,"['2']",NA,"","","",0,1,NA,1,"['4']",6.782212,"","",""
109,"2018-06-03",NA,"['1']",NA,"","","",0,1,NA,1,"['3']",4.03091,"","",""
109,"2018-06-03",NA,"['1']",NA,"","","",0,1,NA,1,"['3']",55.43148,"","",""
109,"2018-06-03",NA,"['3']",NA,"","","",0,1,NA,1,"['2']",10.21322,"","",""
110,"2018-06-10",NA,"",NA,"","","",NA,NA,NA,1,"",NA,NA,NA,""
110,"2018-06-10",NA,"",NA,"","","",NA,NA,NA,1,"",NA,NA,NA,"['1']"
110,"2018-06-10",NA,"",NA,"","","",NA,NA,NA,1,"",NA,NA,NA,"['1']"
110,"2018-06-10",NA,"",NA,"","","",NA,NA,NA,1,"",NA,NA,NA,"['2']"
110,"2018-06-10",NA,"",NA,"","","",NA,NA,NA,1,"",NA,NA,NA,"['2']"
110,"2018-06-10",NA,"",NA,"","","",NA,NA,NA,1,"",NA,NA,NA,""
110,"2018-06-10",NA,"['3']",NA,"","","",1,1,NA,1,"['3']",11.80491,NA,NA,""
110,"2018-06-10",NA,"['2']",NA,"","","",1,1,NA,1,"['2']",6.299187,NA,NA,""
110,"2018-06-10",NA,"['4']",NA,"","","",1,1,NA,1,"['4']",3.632777,NA,NA,""
110,"2018-06-10",NA,"['4']",NA,"","","",0,1,NA,1,"['1']",5.232213,NA,NA,""
110,"2018-06-10",NA,"['2']",NA,"","","",0,1,NA,1,"['1']",4.399298,NA,NA,""
110,"2018-06-10",NA,"['3']",NA,"","","",0,1,NA,1,"['2']",3.298791,NA,NA,""
110,"2018-06-10",NA,"['4']",NA,"","","",1,1,NA,1,"['4']",5.281723,NA,NA,""
110,"2018-06-10",NA,"['2']",NA,"","","",0,1,NA,1,"['4']",3.232392,NA,NA,""
110,"2018-06-10",NA,"['1']",NA,"","","",0,1,NA,1,"['3']",8.116037,NA,NA,""
110,"2018-06-10",NA,"['1']",NA,"","","",1,1,NA,1,"['1']",18.11722,NA,NA,""
110,"2018-06-10",NA,"['3']",NA,"","","",1,1,NA,1,"['3']",12.99482,NA,NA,""
118,"2018-06-03",NA,"",NA,"","","",NA,NA,NA,1,"",NA,"","",""
118,"2018-06-03",NA,"",NA,"","","",NA,NA,NA,1,"",NA,"","","['3']"
118,"2018-06-03",NA,"",NA,"","","",NA,NA,NA,1,"",NA,"","","['1']"
118,"2018-06-03",NA,"",NA,"","","",NA,NA,NA,1,"",NA,"","","['1']"
118,"2018-06-03",NA,"",NA,"","","",NA,NA,NA,1,"",NA,"","","['1']"
118,"2018-06-03",NA,"",NA,"","","",NA,NA,NA,1,"",NA,"[8.838284717989154, 9.037641435978003, 10.255072000087239, 10.921478564152494, 11.405237743631005, 11.58789415389765, 11.820514051360078, 12.321661948692054]","recorder",""
118,"2018-06-03",NA,"['3']",NA,"","","",1,1,NA,1,"['3']",5.236416,"","",""
118,"2018-06-03",NA,"['2']",NA,"","","",0,1,NA,1,"['4']",6.13227,"","",""
118,"2018-06-03",NA,"['4']",NA,"","","",1,1,NA,1,"['4']",2.83286,"","",""
118,"2018-06-03",NA,"['4']",NA,"","","",1,1,NA,1,"['4']",1.982481,"","",""
118,"2018-06-03",NA,"['2']",NA,"","","",0,1,NA,1,"['1']",2.733068,"","",""
118,"2018-06-03",NA,"['3']",NA,"","","",0,1,NA,1,"['1']",3.749,"","",""
118,"2018-06-03",NA,"['4']",NA,"","","",0,1,NA,1,"['1']",3.01562,"","",""
118,"2018-06-03",NA,"['2']",NA,"","","",0,1,NA,1,"['1']",2.582456,"","",""
118,"2018-06-03",NA,"['1']",NA,"","","",0,1,NA,1,"['3']",3.433021,"","",""
118,"2018-06-03",NA,"['1']",NA,"","","",1,1,NA,1,"['1']",25.2126,"","",""
118,"2018-06-03",NA,"['3']",NA,"","","",1,1,NA,1,"['3']",12.12883,"","",""
131,"2018-06-10",NA,"",NA,"","","",NA,NA,NA,1,"",NA,"","",""
131,"2018-06-10",NA,"",NA,"","","",NA,NA,NA,1,"",NA,"","","['1']"
131,"2018-06-10",NA,"",NA,"","","",NA,NA,NA,1,"",NA,"","","['1']"
131,"2018-06-10",NA,"",NA,"","","",NA,NA,NA,1,"",NA,"","","['2']"
131,"2018-06-10",NA,"",NA,"","","",NA,NA,NA,1,"",NA,"","","['1']"
131,"2018-06-10",NA,"",NA,"","","",NA,NA,NA,1,"",NA,"[13.599083487177268, 13.782889435999095, 14.132675282191485, 14.38266584626399, 14.547640205128118]","flute",""
131,"2018-06-10",NA,"['3']",NA,"","","",0,1,NA,1,"['2']",5.644059,"","",""
131,"2018-06-10",NA,"['2']",NA,"","","",0,1,NA,1,"['4']",5.498574,"","",""
131,"2018-06-10",NA,"['4']",NA,"","","",0,1,NA,1,"['3']",5.798289,"","",""
131,"2018-06-10",NA,"['4']",NA,"","","",0,1,NA,1,"['1']",2.966434,"","",""
131,"2018-06-10",NA,"['2']",NA,"","","",0,1,NA,1,"['1']",3.949702,"","",""
131,"2018-06-10",NA,"['3']",NA,"","","",0,1,NA,1,"['1']",2.749825,"","",""
131,"2018-06-10",NA,"['4']",NA,"","","",0,1,NA,1,"['1']",2.064613,"","",""
131,"2018-06-10",NA,"['2']",NA,"","","",0,1,NA,1,"['3']",4.765647,"","",""
131,"2018-06-10",NA,"['1']",NA,"","","",0,1,NA,1,"['3']",7.46603,"","",""
131,"2018-06-10",NA,"['1']",NA,"","","",0,1,NA,1,"['3']",28.26606,"","",""
131,"2018-06-10",NA,"['3']",NA,"","","",1,1,NA,1,"['3']",11.21264,"","",""
132,"2018-06-10",NA,"",NA,"","","",NA,NA,NA,1,"",NA,"",NA,""
132,"2018-06-10",NA,"",NA,"","","",NA,NA,NA,1,"",NA,"",NA,"['3']"
132,"2018-06-10",NA,"",NA,"","","",NA,NA,NA,1,"",NA,"",NA,"['1']"
132,"2018-06-10",NA,"",NA,"","","",NA,NA,NA,1,"",NA,"",NA,"['1']"
132,"2018-06-10",NA,"",NA,"","","",NA,NA,NA,1,"",NA,"",NA,"['2']"
132,"2018-06-10",NA,"",NA,"","","",NA,NA,NA,1,"",NA,"[5.331430564168841]",NA,""
132,"2018-06-10",NA,"['3']",NA,"","","",1,1,NA,1,"['3']",6.308065,"",NA,""
132,"2018-06-10",NA,"['2']",NA,"","","",1,1,NA,1,"['2']",4.515739,"",NA,""
132,"2018-06-10",NA,"['4']",NA,"","","",1,1,NA,1,"['4']",3.931963,"",NA,""
132,"2018-06-10",NA,"['4']",NA,"","","",0,1,NA,1,"['3']",3.948817,"",NA,""
132,"2018-06-10",NA,"['2']",NA,"","","",1,1,NA,1,"['2']",2.833442,"",NA,""
132,"2018-06-10",NA,"['3']",NA,"","","",0,1,NA,1,"['4']",3.031381,"",NA,""
132,"2018-06-10",NA,"['4']",NA,"","","",0,1,NA,1,"['1']",2.149074,"",NA,""
132,"2018-06-10",NA,"['2']",NA,"","","",0,1,NA,1,"['1']",4.116091,"",NA,""
132,"2018-06-10",NA,"['1']",NA,"","","",0,1,NA,1,"['3']",2.465547,"",NA,""
132,"2018-06-10",NA,"['1']",NA,"","","",0,1,NA,1,"['3']",12.98388,"",NA,""
132,"2018-06-10",NA,"['3']",NA,"","","",0,1,NA,1,"['2']",5.963694,"",NA,""
